{"stats":{"minecraft:picked_up":{"minecraft:birch_button":1,"minecraft:player_head":2,"minecraft:spruce_door":1,"minecraft:lime_banner":1},"minecraft:used":{"minecraft:yellow_banner":1,"minecraft:nether_brick_fence":13,"minecraft:water_bucket":1,"minecraft:end_rod":5,"minecraft:iron_bars":28,"minecraft:brick_wall":33,"minecraft:armor_stand":17,"minecraft:iron_shovel":4,"minecraft:spruce_door":5,"minecraft:prismarine_brick_slab":8,"minecraft:red_sandstone_slab":4,"minecraft:cut_red_sandstone_slab":15,"minecraft:smooth_quartz_slab":1,"minecraft:spruce_slab":77,"minecraft:red_stained_glass":4,"minecraft:acacia_trapdoor":6,"minecraft:dispenser":1,"minecraft:polished_andesite":189,"minecraft:oak_planks":150,"minecraft:prismarine_stairs":2,"minecraft:oak_sign":18,"minecraft:blue_wool":153,"minecraft:spruce_planks":396,"minecraft:chest":4,"minecraft:sandstone":151,"minecraft:stone":24,"minecraft:redstone_block":19,"minecraft:creeper_head":1,"minecraft:spruce_sign":61,"minecraft:red_glazed_terracotta":3,"minecraft:player_head":45,"minecraft:orange_stained_glass":4,"minecraft:hopper":2,"minecraft:oak_slab":6,"minecraft:crafting_table":6,"minecraft:brick_slab":3,"minecraft:spruce_stairs":17,"minecraft:prismarine_brick_stairs":8,"minecraft:stone_stairs":15,"minecraft:nether_brick_slab":61,"minecraft:campfire":4,"minecraft:note_block":4,"minecraft:fire_coral":1,"minecraft:jungle_trapdoor":1,"minecraft:painting":16,"minecraft:beehive":6,"minecraft:light_blue_stained_glass":9,"minecraft:nether_brick_stairs":22,"minecraft:oak_fence_gate":7,"minecraft:purple_banner":1,"minecraft:andesite_wall":1,"minecraft:oak_log":199,"minecraft:sticky_piston":4,"minecraft:piston":16,"minecraft:red_shulker_box":11,"minecraft:lever":3,"minecraft:flower_pot":3,"minecraft:sea_lantern":27,"minecraft:cyan_terracotta":71,"minecraft:warped_trapdoor":7,"minecraft:bricks":1149,"minecraft:bookshelf":23,"minecraft:lime_banner":2,"minecraft:command_block":3,"minecraft:red_wool":29,"minecraft:yellow_stained_glass":2,"minecraft:grass_block":18,"minecraft:barrier":7,"constructionwand:infinity_wand":226,"minecraft:oak_button":1,"minecraft:brick_stairs":4,"minecraft:polished_andesite_stairs":19,"minecraft:stone_slab":18,"minecraft:red_terracotta":6,"minecraft:purpur_slab":1,"minecraft:spruce_trapdoor":20,"minecraft:prismarine_slab":7,"minecraft:barrel":3,"minecraft:polished_andesite_slab":64,"minecraft:blue_banner":19,"minecraft:item_frame":2,"minecraft:coal_block":95,"minecraft:birch_button":22,"minecraft:fire_coral_block":2,"minecraft:glowstone":2,"minecraft:red_carpet":22,"minecraft:redstone_lamp":5,"minecraft:snow":26,"minecraft:brown_carpet":7,"minecraft:orange_banner":1,"minecraft:hay_block":4,"minecraft:iron_trapdoor":9,"minecraft:lime_stained_glass":6,"minecraft:red_concrete_powder":6,"minecraft:white_banner":4,"minecraft:jungle_door":1,"minecraft:grass_path":12,"minecraft:pink_stained_glass":9,"minecraft:smooth_stone_slab":135,"minecraft:skeleton_skull":1,"minecraft:sea_pickle":6,"minecraft:stripped_oak_log":268,"minecraft:fire_coral_fan":5,"minecraft:smooth_stone":39},"minecraft:mined":{"minecraft:player_head":1},"minecraft:dropped":{"minecraft:lever":1,"minecraft:player_head":2,"minecraft:command_block":1},"minecraft:custom":{"minecraft:play_one_minute":274783,"minecraft:pot_flower":4,"minecraft:leave_game":3,"minecraft:time_since_death":272789,"minecraft:time_since_rest":272817,"minecraft:sprint_one_cm":41250,"minecraft:walk_one_cm":197488,"minecraft:drop":4,"minecraft:use_wand":1753,"minecraft:fly_one_cm":415912,"minecraft:crouch_one_cm":2488,"minecraft:deaths":4,"minecraft:sneak_time":3804,"minecraft:jump":347}},"DataVersion":2586}